"title","url","stars","name","reviewUrl","text"
"Taman Labuhan Mangrove Jung Koneng","https://www.google.com/maps/search/?api=1&query=Taman%20Labuhan%20Mangrove%20Jung%20Koneng&query_place_id=ChIJq_b1M3IV2C0RcO5ZgP1pe6c","5","Elfa Agustina Rahayu","https://www.google.com/maps/reviews/data=!4m8!14m7!1m6!2m5!1sCi9DQUlRQUNvZENodHljRjlvT2xoek5YUkNWbkpZWlVwUldYaGxTM0E1TW5OcFZHYxAB!2m1!1s0x0:0xa77b69fd8059ee70!3m1!1s2@1:CAIQACodChtycF9oOlhzNXRCVnJYZUpRWXhlS3A5MnNpVGc%7C%7C?hl=id","Bagus tempatnya, kemarin kesini waktu acara organisasi menanam mangrove dan lamun. Pemandangan sunrise dan sunsetnya oke sih. tpi buat pantai dipasang pelindung batu batu gitu. Tapi airnya klo ombaknya nggak gede agak bening oke buat beremang, cuman klo ombaknya gede jadi butek. Tempat jalannya ke area hutan mangrove banhak yang rusak, semoga segera diperbaiki. Ada beberapa warung juga. dan toiletnya jumlahnya juga lumayan. untuk kebersihan ya biasa aja sih, nggak bersih2 banget tapi juganggak kotor banget."
"Taman Labuhan Mangrove Jung Koneng","https://www.google.com/maps/search/?api=1&query=Taman%20Labuhan%20Mangrove%20Jung%20Koneng&query_place_id=ChIJq_b1M3IV2C0RcO5ZgP1pe6c","3","Adi Purna","https://www.google.com/maps/reviews/data=!4m8!14m7!1m6!2m5!1sChZDSUhNMG9nS0VJQ0FnSUNIdnJ6TkVREAE!2m1!1s0x0:0xa77b69fd8059ee70!3m1!1s2@1:CIHM0ogKEICAgICHvrzNEQ%7C%7C?hl=id","Htm 10.000 / orang
✅️Parkir mobil , motor luas
✅️toilet
✅️harga makanan minuman masih standart

Saran untuk pengelola
❌️banyak anak"" pacaran di sudut"" mangrove
(Maaf sampai pelukan)
❌️sampah di bibir pantai (sulit kalau ini)"
"Taman Labuhan Mangrove Jung Koneng","https://www.google.com/maps/search/?api=1&query=Taman%20Labuhan%20Mangrove%20Jung%20Koneng&query_place_id=ChIJq_b1M3IV2C0RcO5ZgP1pe6c","5","Wigananda Firdaus","https://www.google.com/maps/reviews/data=!4m8!14m7!1m6!2m5!1sChZDSUhNMG9nS0VJQ0FnSUNRMzh6dU5nEAE!2m1!1s0x0:0xa77b69fd8059ee70!3m1!1s2@1:CIHM0ogKEICAgICQ38zuNg%7C%7C?hl=id","Tempatnya sangat nyaman untuk camping.. ada beberap penjual makanan ringan,  namun untuk fasilitas masih kurang lengkap.. belum ada MCK, belum ada listrik. pantai nya masih kotor.. mungkin karena sampah dr laut.. terdapat saung yg merupakan hibah dr Pertamina..

terdapat cemara udang yg cukup rimbun dan asri..
sangat bagus ketika sunset dan sunrise..

untuk akses belum ada penunjuk resmi, namun cukup mudah diakses.. untuk mobil sepertinya agak mepet..

karcis dikenai harga 5000 untuk 1 motor...

semoga dapat dirawat dengan baik.."
"Taman Labuhan Mangrove Jung Koneng","https://www.google.com/maps/search/?api=1&query=Taman%20Labuhan%20Mangrove%20Jung%20Koneng&query_place_id=ChIJq_b1M3IV2C0RcO5ZgP1pe6c","5","alex hidayatulloh","https://www.google.com/maps/reviews/data=!4m8!14m7!1m6!2m5!1sChdDSUhNMG9nS0VJQ0FnSUR3cE11ZGl3RRAB!2m1!1s0x0:0xa77b69fd8059ee70!3m1!1s2@1:CIHM0ogKEICAgIDwpMudiwE%7C%7C?hl=id","Utk sekali masuk, speda motor akan ditarik 5rb rupiah.
Disini tdk ada kamar mandi, jd usahakan jangan sampai basah seluruh tubuh.
Cocok utk refreshing bersama keluarga atau teman² (usahakan bawa alas dan makanan sendiri²)"
"Taman Labuhan Mangrove Jung Koneng","https://www.google.com/maps/search/?api=1&query=Taman%20Labuhan%20Mangrove%20Jung%20Koneng&query_place_id=ChIJq_b1M3IV2C0RcO5ZgP1pe6c","5","Muhammad Alif Dzulfikar","https://www.google.com/maps/reviews/data=!4m8!14m7!1m6!2m5!1sChZDSUhNMG9nS0VJQ0FnSUNJMlpIdGFnEAE!2m1!1s0x0:0xa77b69fd8059ee70!3m1!1s2@1:CIHM0ogKEICAgICI2ZHtag%7C%7C?hl=id","Sudah dikelola dengan baik, sekarang wisata taman laut ini dikelola dibawah naungan PT Pertamina. Fasilitas sudah banyak dilengkapi, termasuk kamar mandi, gazebo, tempat sampah. Semuanya sudah ada, tempat ini bisa dibuat camping juga sebagai tempat berlibur santai"
"Taman Labuhan Mangrove Jung Koneng","https://www.google.com/maps/search/?api=1&query=Taman%20Labuhan%20Mangrove%20Jung%20Koneng&query_place_id=ChIJq_b1M3IV2C0RcO5ZgP1pe6c","5","Rianti","https://www.google.com/maps/reviews/data=!4m8!14m7!1m6!2m5!1sChZDSUhNMG9nS0VJQ0FnSUNzcnFtc0N3EAE!2m1!1s0x0:0xa77b69fd8059ee70!3m1!1s2@1:CIHM0ogKEICAgICsrqmsCw%7C%7C?hl=id","Alternatif wisata bagi anak2 yg suka main pasir pantai tanpa jauh2 keluar kootah. Tarif parkir murah. Jajanan juga murah. Ada mi seduh. Kopi instan. Bakso. Rujak. Minuman dingin. Semuanya ringan di kantong."
"Taman Labuhan Mangrove Jung Koneng","https://www.google.com/maps/search/?api=1&query=Taman%20Labuhan%20Mangrove%20Jung%20Koneng&query_place_id=ChIJq_b1M3IV2C0RcO5ZgP1pe6c","5","Lutfi EstilLo","https://www.google.com/maps/reviews/data=!4m8!14m7!1m6!2m5!1sChZDSUhNMG9nS0VJQ0FnSUR5anFiblNBEAE!2m1!1s0x0:0xa77b69fd8059ee70!3m1!1s2@1:CIHM0ogKEICAgIDyjqbnSA%7C%7C?hl=id","Ccok buat rekreasi smbil belajar, menghilangkan stres ..
Bnyak pohon cemara juga ..

Tempat lumayan sedap d pandang, view nya menarik, bnyak spot foto, fasilitas lengkap ada musholla, kamar mandi, gazebo, warung, n bnyak tempat dduk juga lesehan..

Penataan lumayan rapi, tapi ada beberapa sii yg terbengkalai ..

Karcis masuk 4k/orang ..

Nb. Jagalah kebersihan jgn buang smpah sembarangan, buang laah pada tempat nya karena tmpat lumayan rapi n bersih 🙏🏻"
"Taman Labuhan Mangrove Jung Koneng","https://www.google.com/maps/search/?api=1&query=Taman%20Labuhan%20Mangrove%20Jung%20Koneng&query_place_id=ChIJq_b1M3IV2C0RcO5ZgP1pe6c","5","fitria ferayanti","https://www.google.com/maps/reviews/data=!4m8!14m7!1m6!2m5!1sChdDSUhNMG9nS0VJQ0FnSUR4N3NIZzhRRRAB!2m1!1s0x0:0xa77b69fd8059ee70!3m1!1s2@1:CIHM0ogKEICAgIDx7sHg8QE%7C%7C?hl=id","Tempatnya lumayan rindang jadi agak adem, paling cocok untuk kegiatan camping/kegiatan lain, banyak spot foto juga & parkir murah meriah."
"Taman Labuhan Mangrove Jung Koneng","https://www.google.com/maps/search/?api=1&query=Taman%20Labuhan%20Mangrove%20Jung%20Koneng&query_place_id=ChIJq_b1M3IV2C0RcO5ZgP1pe6c","5","Inisial V","https://www.google.com/maps/reviews/data=!4m8!14m7!1m6!2m5!1sChdDSUhNMG9nS0VJQ0FnSUMxOUpUSDZRRRAB!2m1!1s0x0:0xa77b69fd8059ee70!3m1!1s2@1:CIHM0ogKEICAgIC19JTH6QE%7C%7C?hl=id","Tempatnya keren, pantainya bersih, bisa camping juga, edukasi mangrove untuk anak-anak. Kita juga wajib jaga kebersihan sambil lalu membersihkan pantai. Akses keluar masuk jalan cukup untuk 1 mobil keluarga."
"Taman Labuhan Mangrove Jung Koneng","https://www.google.com/maps/search/?api=1&query=Taman%20Labuhan%20Mangrove%20Jung%20Koneng&query_place_id=ChIJq_b1M3IV2C0RcO5ZgP1pe6c","5","BANG IB CHANNEL","https://www.google.com/maps/reviews/data=!4m8!14m7!1m6!2m5!1sChZDSUhNMG9nS0VJQ0FnSUMwM2RMWERBEAE!2m1!1s0x0:0xa77b69fd8059ee70!3m1!1s2@1:CIHM0ogKEICAgIC03dLXDA%7C%7C?hl=id","Pertigaan belok kiri. Pertanggal 7 Oktober 2019 masih belum di kenakan tarif masuk."
"Taman Labuhan Mangrove Jung Koneng","https://www.google.com/maps/search/?api=1&query=Taman%20Labuhan%20Mangrove%20Jung%20Koneng&query_place_id=ChIJq_b1M3IV2C0RcO5ZgP1pe6c","4","agus rudi Purnomo","https://www.google.com/maps/reviews/data=!4m8!14m7!1m6!2m5!1sChdDSUhNMG9nS0VJQ0FnSURhdExXbTF3RRAB!2m1!1s0x0:0xa77b69fd8059ee70!3m1!1s2@1:CIHM0ogKEICAgIDatLWm1wE%7C%7C?hl=id","Asri dan indah, udaranya sejuk pagi hari, tracking panjang mengelilingi pohon mangrove"
"Taman Labuhan Mangrove Jung Koneng","https://www.google.com/maps/search/?api=1&query=Taman%20Labuhan%20Mangrove%20Jung%20Koneng&query_place_id=ChIJq_b1M3IV2C0RcO5ZgP1pe6c","4","Haurma","https://www.google.com/maps/reviews/data=!4m8!14m7!1m6!2m5!1sChdDSUhNMG9nS0VJQ0FnSURVN2QzanBRRRAB!2m1!1s0x0:0xa77b69fd8059ee70!3m1!1s2@1:CIHM0ogKEICAgIDU7d3jpQE%7C%7C?hl=id","Cocok untuk camping.akses jalan masih terlalu kecil untuk dilewati mobil secara bersamaan.masih belum ada air untuk mandi."
"Taman Labuhan Mangrove Jung Koneng","https://www.google.com/maps/search/?api=1&query=Taman%20Labuhan%20Mangrove%20Jung%20Koneng&query_place_id=ChIJq_b1M3IV2C0RcO5ZgP1pe6c","4","Khoirulloh Afandy","https://www.google.com/maps/reviews/data=!4m8!14m7!1m6!2m5!1sChZDSUhNMG9nS0VJQ0FnSURNdTVPdkxnEAE!2m1!1s0x0:0xa77b69fd8059ee70!3m1!1s2@1:CIHM0ogKEICAgIDMu5OvLg%7C%7C?hl=id","Tempatx enak adem karna banyak pohon cemarax cocok buat prewed view nya dapet mobil bisa masuk.
Prewed murah meriah ya di sini."
"Taman Labuhan Mangrove Jung Koneng","https://www.google.com/maps/search/?api=1&query=Taman%20Labuhan%20Mangrove%20Jung%20Koneng&query_place_id=ChIJq_b1M3IV2C0RcO5ZgP1pe6c","5","Papa Orlin & Prabu","https://www.google.com/maps/reviews/data=!4m8!14m7!1m6!2m5!1sChZDSUhNMG9nS0VJQ0FnSURHd0pEeFhBEAE!2m1!1s0x0:0xa77b69fd8059ee70!3m1!1s2@1:CIHM0ogKEICAgIDGwJDxXA%7C%7C?hl=id","Tempatnya enak dan nyaman.
Warga sekitar ramah.
Harga makanan relatif murah tapi kualitas tidak murahan.
Rekomendasi banget"
"Taman Labuhan Mangrove Jung Koneng","https://www.google.com/maps/search/?api=1&query=Taman%20Labuhan%20Mangrove%20Jung%20Koneng&query_place_id=ChIJq_b1M3IV2C0RcO5ZgP1pe6c","5","terpal plastik","https://www.google.com/maps/reviews/data=!4m8!14m7!1m6!2m5!1sChZDSUhNMG9nS0VJQ0FnSURLMHVPeUlREAE!2m1!1s0x0:0xa77b69fd8059ee70!3m1!1s2@1:CIHM0ogKEICAgIDK0uOyIQ%7C%7C?hl=id","Udara yg sejuk dan nyaman, bahagia itu tak perlu mahal, tapi kepuasan👏👏👏👍"
"Taman Labuhan Mangrove Jung Koneng","https://www.google.com/maps/search/?api=1&query=Taman%20Labuhan%20Mangrove%20Jung%20Koneng&query_place_id=ChIJq_b1M3IV2C0RcO5ZgP1pe6c","4","Zainal Abidin","https://www.google.com/maps/reviews/data=!4m8!14m7!1m6!2m5!1sChdDSUhNMG9nS0VJQ0FnSUQzNE8tVmpnRRAB!2m1!1s0x0:0xa77b69fd8059ee70!3m1!1s2@1:CIHM0ogKEICAgID34O-VjgE%7C%7C?hl=id","Pantai lmayan bgus biaya msuk standar😀👍👍🤤"
"Taman Labuhan Mangrove Jung Koneng","https://www.google.com/maps/search/?api=1&query=Taman%20Labuhan%20Mangrove%20Jung%20Koneng&query_place_id=ChIJq_b1M3IV2C0RcO5ZgP1pe6c","5","Ahsan Bangkalan","https://www.google.com/maps/reviews/data=!4m8!14m7!1m6!2m5!1sChdDSUhNMG9nS0VJQ0FnSUQ2aWFURHhBRRAB!2m1!1s0x0:0xa77b69fd8059ee70!3m1!1s2@1:CIHM0ogKEICAgID6iaTDxAE%7C%7C?hl=id","Taman Ekowisata Terumbu karang Payung Kuning adalah tempat wisata binaan PHE WMO. Cocok untuk rekreasi keluarga dan Camping"
"Taman Labuhan Mangrove Jung Koneng","https://www.google.com/maps/search/?api=1&query=Taman%20Labuhan%20Mangrove%20Jung%20Koneng&query_place_id=ChIJq_b1M3IV2C0RcO5ZgP1pe6c","5","Viki Cahyono","https://www.google.com/maps/reviews/data=!4m8!14m7!1m6!2m5!1sChZDSUhNMG9nS0VJQ0FnSURaNXN6Uk1BEAE!2m1!1s0x0:0xa77b69fd8059ee70!3m1!1s2@1:CIHM0ogKEICAgIDZ5szRMA%7C%7C?hl=id","Bagus dan enak banget suasana disini,"
"Taman Labuhan Mangrove Jung Koneng","https://www.google.com/maps/search/?api=1&query=Taman%20Labuhan%20Mangrove%20Jung%20Koneng&query_place_id=ChIJq_b1M3IV2C0RcO5ZgP1pe6c","5","nick karisma","https://www.google.com/maps/reviews/data=!4m8!14m7!1m6!2m5!1sChZDSUhNMG9nS0VJQ0FnSUNDeWRxYVZREAE!2m1!1s0x0:0xa77b69fd8059ee70!3m1!1s2@1:CIHM0ogKEICAgICCydqaVQ%7C%7C?hl=id","sejuk, alami, instagramable, cocok utk keluarga"
"Taman Labuhan Mangrove Jung Koneng","https://www.google.com/maps/search/?api=1&query=Taman%20Labuhan%20Mangrove%20Jung%20Koneng&query_place_id=ChIJq_b1M3IV2C0RcO5ZgP1pe6c","5","wahyu zerrows","https://www.google.com/maps/reviews/data=!4m8!14m7!1m6!2m5!1sChdDSUhNMG9nS0VJQ0FnSUQ5eTViN2l3RRAB!2m1!1s0x0:0xa77b69fd8059ee70!3m1!1s2@1:CIHM0ogKEICAgID9y5b7iwE%7C%7C?hl=id","Tempat bagus terawat, tiket masuk murah cocok untuk refresing bersama keluarga"
"Taman Labuhan Mangrove Jung Koneng","https://www.google.com/maps/search/?api=1&query=Taman%20Labuhan%20Mangrove%20Jung%20Koneng&query_place_id=ChIJq_b1M3IV2C0RcO5ZgP1pe6c","4","Safira Maulidia","https://www.google.com/maps/reviews/data=!4m8!14m7!1m6!2m5!1sChZDSUhNMG9nS0VJQ0FnSUNva283OVRBEAE!2m1!1s0x0:0xa77b69fd8059ee70!3m1!1s2@1:CIHM0ogKEICAgICoko79TA%7C%7C?hl=id","Tempat wisata mangrove baru di desa labuhan . bulan Januari 2019 kemarin saya berkunjung disini . Lokasi wisatanya baguss viewnya juga bagus tapi karena masih dalam  tahap penyempurnaan wisata mangrove jadi fasilitas masih terbatas. Menurut info dari bapak pengurus insyaallah wisata mangrove di desa labuhan ini akan launching bulan februari tapi saya tidak tau tgl berapa.  So, ajak keluarga untuk berlibur disini sambil belajar tentang mangrove 😉.

#Kec.sepulu#Kab.Bangkalan#Prov.Jawa Timur"
"Taman Labuhan Mangrove Jung Koneng","https://www.google.com/maps/search/?api=1&query=Taman%20Labuhan%20Mangrove%20Jung%20Koneng&query_place_id=ChIJq_b1M3IV2C0RcO5ZgP1pe6c","5","Dedy Eko Rahmanto","https://www.google.com/maps/reviews/data=!4m8!14m7!1m6!2m5!1sChdDSUhNMG9nS0VJQ0FnSUQ2NzlISjZ3RRAB!2m1!1s0x0:0xa77b69fd8059ee70!3m1!1s2@1:CIHM0ogKEICAgID679HJ6wE%7C%7C?hl=id","Merupakan tempat wisata dan edukasi serta pelestarian mangrove"
"Taman Labuhan Mangrove Jung Koneng","https://www.google.com/maps/search/?api=1&query=Taman%20Labuhan%20Mangrove%20Jung%20Koneng&query_place_id=ChIJq_b1M3IV2C0RcO5ZgP1pe6c","2","Anna Mila","https://www.google.com/maps/reviews/data=!4m8!14m7!1m6!2m5!1sChZDSUhNMG9nS0VJQ0FnSURNdXN6aEJnEAE!2m1!1s0x0:0xa77b69fd8059ee70!3m1!1s2@1:CIHM0ogKEICAgIDMuszhBg%7C%7C?hl=id","Tempatx trategis pemandanganx bagus"
"Taman Labuhan Mangrove Jung Koneng","https://www.google.com/maps/search/?api=1&query=Taman%20Labuhan%20Mangrove%20Jung%20Koneng&query_place_id=ChIJq_b1M3IV2C0RcO5ZgP1pe6c","5","SUBANDI 12","https://www.google.com/maps/reviews/data=!4m8!14m7!1m6!2m5!1sChZDSUhNMG9nS0VJQ0FnSURIdy1XUmNnEAE!2m1!1s0x0:0xa77b69fd8059ee70!3m1!1s2@1:CIHM0ogKEICAgIDHw-WRcg%7C%7C?hl=id","Mantap"
"Taman Labuhan Mangrove Jung Koneng","https://www.google.com/maps/search/?api=1&query=Taman%20Labuhan%20Mangrove%20Jung%20Koneng&query_place_id=ChIJq_b1M3IV2C0RcO5ZgP1pe6c","5","Hery Juhaeri","https://www.google.com/maps/reviews/data=!4m8!14m7!1m6!2m5!1sChdDSUhNMG9nS0VJQ0FnSUQyNHYtYjFRRRAB!2m1!1s0x0:0xa77b69fd8059ee70!3m1!1s2@1:CIHM0ogKEICAgID24v-b1QE%7C%7C?hl=id","Tempat wisata yg asri sejuk dan indah dg view laut biru dan hutan mangrouve di desa labuhan sepulu bàngkalan"
"Taman Labuhan Mangrove Jung Koneng","https://www.google.com/maps/search/?api=1&query=Taman%20Labuhan%20Mangrove%20Jung%20Koneng&query_place_id=ChIJq_b1M3IV2C0RcO5ZgP1pe6c","5","bb_na Lyrics","https://www.google.com/maps/reviews/data=!4m8!14m7!1m6!2m5!1sChZDSUhNMG9nS0VJQ0FnSURlb29mcUx3EAE!2m1!1s0x0:0xa77b69fd8059ee70!3m1!1s2@1:CIHM0ogKEICAgIDeoofqLw%7C%7C?hl=id","Tamannya bagus, pasirnya putih bersih dan suasananya menenangkan"
"Taman Labuhan Mangrove Jung Koneng","https://www.google.com/maps/search/?api=1&query=Taman%20Labuhan%20Mangrove%20Jung%20Koneng&query_place_id=ChIJq_b1M3IV2C0RcO5ZgP1pe6c","5","Adrin Lasiana","https://www.google.com/maps/reviews/data=!4m8!14m7!1m6!2m5!1sChdDSUhNMG9nS0VJQ0FnSUNjdWJYNXhBRRAB!2m1!1s0x0:0xa77b69fd8059ee70!3m1!1s2@1:CIHM0ogKEICAgICcubX5xAE%7C%7C?hl=id","Ini pas lagi surut."
"Taman Labuhan Mangrove Jung Koneng","https://www.google.com/maps/search/?api=1&query=Taman%20Labuhan%20Mangrove%20Jung%20Koneng&query_place_id=ChIJq_b1M3IV2C0RcO5ZgP1pe6c","5","Mohammad Yasin","https://www.google.com/maps/reviews/data=!4m8!14m7!1m6!2m5!1sChZDSUhNMG9nS0VJQ0FnSUNjaDlXNENREAE!2m1!1s0x0:0xa77b69fd8059ee70!3m1!1s2@1:CIHM0ogKEICAgICch9W4CQ%7C%7C?hl=id","Nyaman,indah ,enak buat santai...fasilitas sudah lengkap"
"Taman Labuhan Mangrove Jung Koneng","https://www.google.com/maps/search/?api=1&query=Taman%20Labuhan%20Mangrove%20Jung%20Koneng&query_place_id=ChIJq_b1M3IV2C0RcO5ZgP1pe6c","5","Saihon S. Sos","https://www.google.com/maps/reviews/data=!4m8!14m7!1m6!2m5!1sChZDSUhNMG9nS0VJQ0FnSUNwNW9HQWNREAE!2m1!1s0x0:0xa77b69fd8059ee70!3m1!1s2@1:CIHM0ogKEICAgICp5oGAcQ%7C%7C?hl=id","Suasana masih alami, fasilitas lumayan lengkap"
"Taman Labuhan Mangrove Jung Koneng","https://www.google.com/maps/search/?api=1&query=Taman%20Labuhan%20Mangrove%20Jung%20Koneng&query_place_id=ChIJq_b1M3IV2C0RcO5ZgP1pe6c","4","Husnul Hotimah","https://www.google.com/maps/reviews/data=!4m8!14m7!1m6!2m5!1sChZDSUhNMG9nS0VJQ0FnSURzaE1peGRnEAE!2m1!1s0x0:0xa77b69fd8059ee70!3m1!1s2@1:CIHM0ogKEICAgIDshMixdg%7C%7C?hl=id","Bagus viewnya"
"Taman Labuhan Mangrove Jung Koneng","https://www.google.com/maps/search/?api=1&query=Taman%20Labuhan%20Mangrove%20Jung%20Koneng&query_place_id=ChIJq_b1M3IV2C0RcO5ZgP1pe6c","5","Rico Ady Sya'bana","https://www.google.com/maps/reviews/data=!4m8!14m7!1m6!2m5!1sChZDSUhNMG9nS0VJQ0FnSUNnc2FlWUVREAE!2m1!1s0x0:0xa77b69fd8059ee70!3m1!1s2@1:CIHM0ogKEICAgICgsaeYEQ%7C%7C?hl=id","Tempat yg nyaman dan tenang.... cocok untuk melepas stress"
"Taman Labuhan Mangrove Jung Koneng","https://www.google.com/maps/search/?api=1&query=Taman%20Labuhan%20Mangrove%20Jung%20Koneng&query_place_id=ChIJq_b1M3IV2C0RcO5ZgP1pe6c","5","Moh. Abdussalam Waked","https://www.google.com/maps/reviews/data=!4m8!14m7!1m6!2m5!1sChZDSUhNMG9nS0VJQ0FnSURTOWZMZEl3EAE!2m1!1s0x0:0xa77b69fd8059ee70!3m1!1s2@1:CIHM0ogKEICAgIDS9fLdIw%7C%7C?hl=id","Bagus
Cuma kurang pengelola sampahnya saja"
"Taman Labuhan Mangrove Jung Koneng","https://www.google.com/maps/search/?api=1&query=Taman%20Labuhan%20Mangrove%20Jung%20Koneng&query_place_id=ChIJq_b1M3IV2C0RcO5ZgP1pe6c","4","Muhyi S","https://www.google.com/maps/reviews/data=!4m8!14m7!1m6!2m5!1sChZDSUhNMG9nS0VJQ0FnSUNpOHN2amF3EAE!2m1!1s0x0:0xa77b69fd8059ee70!3m1!1s2@1:CIHM0ogKEICAgICi8svjaw%7C%7C?hl=id","Panorama wisata mangrove, cocok utk rekreasi edukasi dan santai keluarga ....."
"Taman Labuhan Mangrove Jung Koneng","https://www.google.com/maps/search/?api=1&query=Taman%20Labuhan%20Mangrove%20Jung%20Koneng&query_place_id=ChIJq_b1M3IV2C0RcO5ZgP1pe6c","4","reza amelia","https://www.google.com/maps/reviews/data=!4m8!14m7!1m6!2m5!1sChZDSUhNMG9nS0VJQ0FnSUNzcE1ySll3EAE!2m1!1s0x0:0xa77b69fd8059ee70!3m1!1s2@1:CIHM0ogKEICAgICspMrJYw%7C%7C?hl=id","Bgus kok"
"Taman Labuhan Mangrove Jung Koneng","https://www.google.com/maps/search/?api=1&query=Taman%20Labuhan%20Mangrove%20Jung%20Koneng&query_place_id=ChIJq_b1M3IV2C0RcO5ZgP1pe6c","3","Sur Yadi","https://www.google.com/maps/reviews/data=!4m8!14m7!1m6!2m5!1sChdDSUhNMG9nS0VJQ0FnSUN1bXZ1NzBBRRAB!2m1!1s0x0:0xa77b69fd8059ee70!3m1!1s2@1:CIHM0ogKEICAgICumvu70AE%7C%7C?hl=id","Yok wisata ke ekowisata labuhan"
"Taman Labuhan Mangrove Jung Koneng","https://www.google.com/maps/search/?api=1&query=Taman%20Labuhan%20Mangrove%20Jung%20Koneng&query_place_id=ChIJq_b1M3IV2C0RcO5ZgP1pe6c","5","Mysaroh Imut","https://www.google.com/maps/reviews/data=!4m8!14m7!1m6!2m5!1sChZDSUhNMG9nS0VJQ0FnSURCOXNpQUV3EAE!2m1!1s0x0:0xa77b69fd8059ee70!3m1!1s2@1:CIHM0ogKEICAgIDB9siAEw%7C%7C?hl=id","Bagus aden"
"Taman Labuhan Mangrove Jung Koneng","https://www.google.com/maps/search/?api=1&query=Taman%20Labuhan%20Mangrove%20Jung%20Koneng&query_place_id=ChIJq_b1M3IV2C0RcO5ZgP1pe6c","5","Eko Wasisto","https://www.google.com/maps/reviews/data=!4m8!14m7!1m6!2m5!1sChdDSUhNMG9nS0VJQ0FnSUNJX1B2cGtBRRAB!2m1!1s0x0:0xa77b69fd8059ee70!3m1!1s2@1:CIHM0ogKEICAgICI_PvpkAE%7C%7C?hl=id","Tempat wisata alam, cocok bagi keluarga"
"Taman Labuhan Mangrove Jung Koneng","https://www.google.com/maps/search/?api=1&query=Taman%20Labuhan%20Mangrove%20Jung%20Koneng&query_place_id=ChIJq_b1M3IV2C0RcO5ZgP1pe6c","3","Yoena","https://www.google.com/maps/reviews/data=!4m8!14m7!1m6!2m5!1sChdDSUhNMG9nS0VJQ0FnSUNteXZQZXZBRRAB!2m1!1s0x0:0xa77b69fd8059ee70!3m1!1s2@1:CIHM0ogKEICAgICmyvPevAE%7C%7C?hl=id","Pas kesana kemarin (18/22'2021) lagi banyak yg direnovasi..."
"Taman Labuhan Mangrove Jung Koneng","https://www.google.com/maps/search/?api=1&query=Taman%20Labuhan%20Mangrove%20Jung%20Koneng&query_place_id=ChIJq_b1M3IV2C0RcO5ZgP1pe6c","4","Listia Dewi Anggraini","https://www.google.com/maps/reviews/data=!4m8!14m7!1m6!2m5!1sChZDSUhNMG9nS0VJQ0FnSURvaE9ETld3EAE!2m1!1s0x0:0xa77b69fd8059ee70!3m1!1s2@1:CIHM0ogKEICAgIDohODNWw%7C%7C?hl=id","Sejuk"
"Taman Labuhan Mangrove Jung Koneng","https://www.google.com/maps/search/?api=1&query=Taman%20Labuhan%20Mangrove%20Jung%20Koneng&query_place_id=ChIJq_b1M3IV2C0RcO5ZgP1pe6c","5","Auzy Santri","https://www.google.com/maps/reviews/data=!4m8!14m7!1m6!2m5!1sChdDSUhNMG9nS0VJQ0FnSUN3NmJEeGtRRRAB!2m1!1s0x0:0xa77b69fd8059ee70!3m1!1s2@1:CIHM0ogKEICAgICw6bDxkQE%7C%7C?hl=id","Keren walaupun belom slesai"
"Taman Labuhan Mangrove Jung Koneng","https://www.google.com/maps/search/?api=1&query=Taman%20Labuhan%20Mangrove%20Jung%20Koneng&query_place_id=ChIJq_b1M3IV2C0RcO5ZgP1pe6c","5","Muhyi BCP","https://www.google.com/maps/reviews/data=!4m8!14m7!1m6!2m5!1sChZDSUhNMG9nS0VJQ0FnSURtanJERmF3EAE!2m1!1s0x0:0xa77b69fd8059ee70!3m1!1s2@1:CIHM0ogKEICAgIDmjrDFaw%7C%7C?hl=id","Wisata pantai dan mangrove yang representatif cocok untuk keluarga"
"Taman Labuhan Mangrove Jung Koneng","https://www.google.com/maps/search/?api=1&query=Taman%20Labuhan%20Mangrove%20Jung%20Koneng&query_place_id=ChIJq_b1M3IV2C0RcO5ZgP1pe6c","5","Dheni Ines","https://www.google.com/maps/reviews/data=!4m8!14m7!1m6!2m5!1sChZDSUhNMG9nS0VJQ0FnSURDdFBhWERREAE!2m1!1s0x0:0xa77b69fd8059ee70!3m1!1s2@1:CIHM0ogKEICAgIDCtPaXDQ%7C%7C?hl=id","Pantai dengan terumbu karang dan mangrove yang menakjubkan..."
"Taman Labuhan Mangrove Jung Koneng","https://www.google.com/maps/search/?api=1&query=Taman%20Labuhan%20Mangrove%20Jung%20Koneng&query_place_id=ChIJq_b1M3IV2C0RcO5ZgP1pe6c","3","wahyu febriyanti","https://www.google.com/maps/reviews/data=!4m8!14m7!1m6!2m5!1sChdDSUhNMG9nS0VJQ0FnSUNncWRxVHNnRRAB!2m1!1s0x0:0xa77b69fd8059ee70!3m1!1s2@1:CIHM0ogKEICAgICgqdqTsgE%7C%7C?hl=id","kurang terawat dan banyak sampah"
"Taman Labuhan Mangrove Jung Koneng","https://www.google.com/maps/search/?api=1&query=Taman%20Labuhan%20Mangrove%20Jung%20Koneng&query_place_id=ChIJq_b1M3IV2C0RcO5ZgP1pe6c","5","rehan raesha","https://www.google.com/maps/reviews/data=!4m8!14m7!1m6!2m5!1sChZDSUhNMG9nS0VJQ0FnSUNveHJUcENnEAE!2m1!1s0x0:0xa77b69fd8059ee70!3m1!1s2@1:CIHM0ogKEICAgICoxrTpCg%7C%7C?hl=id","tempat nya adem indah dan masih alami"
"Taman Labuhan Mangrove Jung Koneng","https://www.google.com/maps/search/?api=1&query=Taman%20Labuhan%20Mangrove%20Jung%20Koneng&query_place_id=ChIJq_b1M3IV2C0RcO5ZgP1pe6c","5","Sunar Yadi","https://www.google.com/maps/reviews/data=!4m8!14m7!1m6!2m5!1sChZDSUhNMG9nS0VJQ0FnSUN2bzlDRUl3EAE!2m1!1s0x0:0xa77b69fd8059ee70!3m1!1s2@1:CIHM0ogKEICAgICvo9CEIw%7C%7C?hl=id","Sesuai"
"Taman Labuhan Mangrove Jung Koneng","https://www.google.com/maps/search/?api=1&query=Taman%20Labuhan%20Mangrove%20Jung%20Koneng&query_place_id=ChIJq_b1M3IV2C0RcO5ZgP1pe6c","5","TOKO MALOSEINK","https://www.google.com/maps/reviews/data=!4m8!14m7!1m6!2m5!1sChZDSUhNMG9nS0VJQ0FnSURneXFYM1dBEAE!2m1!1s0x0:0xa77b69fd8059ee70!3m1!1s2@1:CIHM0ogKEICAgIDgyqX3WA%7C%7C?hl=id","Tempat weekend bersama kluarga"
"Taman Labuhan Mangrove Jung Koneng","https://www.google.com/maps/search/?api=1&query=Taman%20Labuhan%20Mangrove%20Jung%20Koneng&query_place_id=ChIJq_b1M3IV2C0RcO5ZgP1pe6c","5","nofilawati anisa","https://www.google.com/maps/reviews/data=!4m8!14m7!1m6!2m5!1sChZDSUhNMG9nS0VJQ0FnSUNtdVBIYWFnEAE!2m1!1s0x0:0xa77b69fd8059ee70!3m1!1s2@1:CIHM0ogKEICAgICmuPHaag%7C%7C?hl=id","Cocok buat camping"
"Taman Labuhan Mangrove Jung Koneng","https://www.google.com/maps/search/?api=1&query=Taman%20Labuhan%20Mangrove%20Jung%20Koneng&query_place_id=ChIJq_b1M3IV2C0RcO5ZgP1pe6c","5","Raden Arza","https://www.google.com/maps/reviews/data=!4m8!14m7!1m6!2m5!1sChZDSUhNMG9nS0VJQ0FnSURBcThQcGZBEAE!2m1!1s0x0:0xa77b69fd8059ee70!3m1!1s2@1:CIHM0ogKEICAgIDAq8PpfA%7C%7C?hl=id","Masih dalam tahap perbaikan"
"Taman Labuhan Mangrove Jung Koneng","https://www.google.com/maps/search/?api=1&query=Taman%20Labuhan%20Mangrove%20Jung%20Koneng&query_place_id=ChIJq_b1M3IV2C0RcO5ZgP1pe6c","5","Husnul Khotimah","https://www.google.com/maps/reviews/data=!4m8!14m7!1m6!2m5!1sChZDSUhNMG9nS0VJQ0FnSUR5aFBxQUF3EAE!2m1!1s0x0:0xa77b69fd8059ee70!3m1!1s2@1:CIHM0ogKEICAgIDyhPqAAw%7C%7C?hl=id","Tempatnya bagus"
"Taman Labuhan Mangrove Jung Koneng","https://www.google.com/maps/search/?api=1&query=Taman%20Labuhan%20Mangrove%20Jung%20Koneng&query_place_id=ChIJq_b1M3IV2C0RcO5ZgP1pe6c","5","adi Amalia","https://www.google.com/maps/reviews/data=!4m8!14m7!1m6!2m5!1sChdDSUhNMG9nS0VJQ0FnSURWb0xEM3B3RRAB!2m1!1s0x0:0xa77b69fd8059ee70!3m1!1s2@1:CIHM0ogKEICAgIDVoLD3pwE%7C%7C?hl=id","Labuhan"
"Taman Labuhan Mangrove Jung Koneng","https://www.google.com/maps/search/?api=1&query=Taman%20Labuhan%20Mangrove%20Jung%20Koneng&query_place_id=ChIJq_b1M3IV2C0RcO5ZgP1pe6c","5","Ro Gimin","https://www.google.com/maps/reviews/data=!4m8!14m7!1m6!2m5!1sChdDSUhNMG9nS0VJQ0FnSURtck9xSnZBRRAB!2m1!1s0x0:0xa77b69fd8059ee70!3m1!1s2@1:CIHM0ogKEICAgIDmrOqJvAE%7C%7C?hl=id","Lumayan bagus"
"Taman Labuhan Mangrove Jung Koneng","https://www.google.com/maps/search/?api=1&query=Taman%20Labuhan%20Mangrove%20Jung%20Koneng&query_place_id=ChIJq_b1M3IV2C0RcO5ZgP1pe6c","2","Syafi'i Ns","https://www.google.com/maps/reviews/data=!4m8!14m7!1m6!2m5!1sChdDSUhNMG9nS0VJQ0FnSUNxNG83MXFRRRAB!2m1!1s0x0:0xa77b69fd8059ee70!3m1!1s2@1:CIHM0ogKEICAgICq4o71qQE%7C%7C?hl=id","Bagus dan murah"
"Taman Labuhan Mangrove Jung Koneng","https://www.google.com/maps/search/?api=1&query=Taman%20Labuhan%20Mangrove%20Jung%20Koneng&query_place_id=ChIJq_b1M3IV2C0RcO5ZgP1pe6c","3","Annisyah Fauziyah","https://www.google.com/maps/reviews/data=!4m8!14m7!1m6!2m5!1sChZDSUhNMG9nS0VJQ0FnSUN1azVuLUh3EAE!2m1!1s0x0:0xa77b69fd8059ee70!3m1!1s2@1:CIHM0ogKEICAgICuk5n-Hw%7C%7C?hl=id","Gak ada apa2nya 😅"
"Taman Labuhan Mangrove Jung Koneng","https://www.google.com/maps/search/?api=1&query=Taman%20Labuhan%20Mangrove%20Jung%20Koneng&query_place_id=ChIJq_b1M3IV2C0RcO5ZgP1pe6c","5","Orang Desa","https://www.google.com/maps/reviews/data=!4m8!14m7!1m6!2m5!1sChZDSUhNMG9nS0VJQ0FnSUQtNjZ2WGVBEAE!2m1!1s0x0:0xa77b69fd8059ee70!3m1!1s2@1:CIHM0ogKEICAgID-66vXeA%7C%7C?hl=id","Terbaik"
"Taman Labuhan Mangrove Jung Koneng","https://www.google.com/maps/search/?api=1&query=Taman%20Labuhan%20Mangrove%20Jung%20Koneng&query_place_id=ChIJq_b1M3IV2C0RcO5ZgP1pe6c","5","Buharianto","https://www.google.com/maps/reviews/data=!4m8!14m7!1m6!2m5!1sChdDSUhNMG9nS0VJQ0FnSURVX0lDZzFBRRAB!2m1!1s0x0:0xa77b69fd8059ee70!3m1!1s2@1:CIHM0ogKEICAgIDU_ICg1AE%7C%7C?hl=id","Semoga tambah bersih"
"Taman Labuhan Mangrove Jung Koneng","https://www.google.com/maps/search/?api=1&query=Taman%20Labuhan%20Mangrove%20Jung%20Koneng&query_place_id=ChIJq_b1M3IV2C0RcO5ZgP1pe6c","5","M. Miftahus Surur","https://www.google.com/maps/reviews/data=!4m8!14m7!1m6!2m5!1sChdDSUhNMG9nS0VJQ0FnSUMyLW9qUndnRRAB!2m1!1s0x0:0xa77b69fd8059ee70!3m1!1s2@1:CIHM0ogKEICAgIC2-ojRwgE%7C%7C?hl=id","B aja"
"Taman Labuhan Mangrove Jung Koneng","https://www.google.com/maps/search/?api=1&query=Taman%20Labuhan%20Mangrove%20Jung%20Koneng&query_place_id=ChIJq_b1M3IV2C0RcO5ZgP1pe6c","5","faizun mubarak","https://www.google.com/maps/reviews/data=!4m8!14m7!1m6!2m5!1sChdDSUhNMG9nS0VJQ0FnSUNDdnB6RF9nRRAB!2m1!1s0x0:0xa77b69fd8059ee70!3m1!1s2@1:CIHM0ogKEICAgICCvpzD_gE%7C%7C?hl=id","Keren dan wisata keluarga"
"Taman Labuhan Mangrove Jung Koneng","https://www.google.com/maps/search/?api=1&query=Taman%20Labuhan%20Mangrove%20Jung%20Koneng&query_place_id=ChIJq_b1M3IV2C0RcO5ZgP1pe6c","4","Moh. Anshori","https://www.google.com/maps/reviews/data=!4m8!14m7!1m6!2m5!1sChdDSUhNMG9nS0VJQ0FnSUNLeEtQdnR3RRAB!2m1!1s0x0:0xa77b69fd8059ee70!3m1!1s2@1:CIHM0ogKEICAgICKxKPvtwE%7C%7C?hl=id","Asik buat refreshing"
"Taman Labuhan Mangrove Jung Koneng","https://www.google.com/maps/search/?api=1&query=Taman%20Labuhan%20Mangrove%20Jung%20Koneng&query_place_id=ChIJq_b1M3IV2C0RcO5ZgP1pe6c","4","Hasrul Amin","https://www.google.com/maps/reviews/data=!4m8!14m7!1m6!2m5!1sChdDSUhNMG9nS0VJQ0FnSUNJNS1QM2pRRRAB!2m1!1s0x0:0xa77b69fd8059ee70!3m1!1s2@1:CIHM0ogKEICAgICI5-P3jQE%7C%7C?hl=id","Kurang bersih"
"Taman Labuhan Mangrove Jung Koneng","https://www.google.com/maps/search/?api=1&query=Taman%20Labuhan%20Mangrove%20Jung%20Koneng&query_place_id=ChIJq_b1M3IV2C0RcO5ZgP1pe6c","5","aditya januar","https://www.google.com/maps/reviews/data=!4m8!14m7!1m6!2m5!1sChZDSUhNMG9nS0VJQ0FnSURlMnUyU0RBEAE!2m1!1s0x0:0xa77b69fd8059ee70!3m1!1s2@1:CIHM0ogKEICAgIDe2u2SDA%7C%7C?hl=id","Sangat senang"
"Taman Labuhan Mangrove Jung Koneng","https://www.google.com/maps/search/?api=1&query=Taman%20Labuhan%20Mangrove%20Jung%20Koneng&query_place_id=ChIJq_b1M3IV2C0RcO5ZgP1pe6c","5","wanda frima","https://www.google.com/maps/reviews/data=!4m8!14m7!1m6!2m5!1sChZDSUhNMG9nS0VJQ0FnSUNJNWUzRldnEAE!2m1!1s0x0:0xa77b69fd8059ee70!3m1!1s2@1:CIHM0ogKEICAgICI5e3FWg%7C%7C?hl=id","Wisata alam nusantara"
"Taman Labuhan Mangrove Jung Koneng","https://www.google.com/maps/search/?api=1&query=Taman%20Labuhan%20Mangrove%20Jung%20Koneng&query_place_id=ChIJq_b1M3IV2C0RcO5ZgP1pe6c","5","engler Salsal","https://www.google.com/maps/reviews/data=!4m8!14m7!1m6!2m5!1sChZDSUhNMG9nS0VJQ0FnSUNtdWQta0FREAE!2m1!1s0x0:0xa77b69fd8059ee70!3m1!1s2@1:CIHM0ogKEICAgICmud-kAQ%7C%7C?hl=id","Mantap"
"Taman Labuhan Mangrove Jung Koneng","https://www.google.com/maps/search/?api=1&query=Taman%20Labuhan%20Mangrove%20Jung%20Koneng&query_place_id=ChIJq_b1M3IV2C0RcO5ZgP1pe6c","5","Nikmah Nikmah","https://www.google.com/maps/reviews/data=!4m8!14m7!1m6!2m5!1sChdDSUhNMG9nS0VJQ0FnSUNtcGRLaW5nRRAB!2m1!1s0x0:0xa77b69fd8059ee70!3m1!1s2@1:CIHM0ogKEICAgICmpdKingE%7C%7C?hl=id","Bagus"
"Taman Labuhan Mangrove Jung Koneng","https://www.google.com/maps/search/?api=1&query=Taman%20Labuhan%20Mangrove%20Jung%20Koneng&query_place_id=ChIJq_b1M3IV2C0RcO5ZgP1pe6c","3","Mas Alman","https://www.google.com/maps/reviews/data=!4m8!14m7!1m6!2m5!1sChZDSUhNMG9nS0VJQ0FnSUNveFk2Q01nEAE!2m1!1s0x0:0xa77b69fd8059ee70!3m1!1s2@1:CIHM0ogKEICAgICoxY6CMg%7C%7C?hl=id","Tes"
"Taman Labuhan Mangrove Jung Koneng","https://www.google.com/maps/search/?api=1&query=Taman%20Labuhan%20Mangrove%20Jung%20Koneng&query_place_id=ChIJq_b1M3IV2C0RcO5ZgP1pe6c","5","Syafiuddin indonesia","https://www.google.com/maps/reviews/data=!4m8!14m7!1m6!2m5!1sChdDSUhNMG9nS0VJQ0FnSURDdG9qRC1nRRAB!2m1!1s0x0:0xa77b69fd8059ee70!3m1!1s2@1:CIHM0ogKEICAgIDCtojD-gE%7C%7C?hl=id","Di mangrove labuhan... Sepulu"
"Taman Labuhan Mangrove Jung Koneng","https://www.google.com/maps/search/?api=1&query=Taman%20Labuhan%20Mangrove%20Jung%20Koneng&query_place_id=ChIJq_b1M3IV2C0RcO5ZgP1pe6c","5","fadel abu aufa","https://www.google.com/maps/reviews/data=!4m8!14m7!1m6!2m5!1sCi9DQUlRQUNvZENodHljRjlvT2paaGJHcE1PVWN5UWpGeFkyRnhOMDFHY3pKSGNuYxAB!2m1!1s0x0:0xa77b69fd8059ee70!3m1!1s2@1:CAIQACodChtycF9oOjZhbGpMOUcyQjFxY2FxN01GczJHcnc%7C%7C?hl=id","Pantai dengan peneduh pohon cemara udang dan mangrove"
"Taman Labuhan Mangrove Jung Koneng","https://www.google.com/maps/search/?api=1&query=Taman%20Labuhan%20Mangrove%20Jung%20Koneng&query_place_id=ChIJq_b1M3IV2C0RcO5ZgP1pe6c","2","Abdul Kodir","https://www.google.com/maps/reviews/data=!4m8!14m7!1m6!2m5!1sCi9DQUlRQUNvZENodHljRjlvT2pOVlMzbG9hMWg1WjAxQmFsRkJVbGx6ZVU5NFVFRRAB!2m1!1s0x0:0xa77b69fd8059ee70!3m1!1s2@1:CAIQACodChtycF9oOjNVS3loa1h5Z01BalFBUllzeU94UEE%7C%7C?hl=id","Lagi liburan"
"Taman Labuhan Mangrove Jung Koneng","https://www.google.com/maps/search/?api=1&query=Taman%20Labuhan%20Mangrove%20Jung%20Koneng&query_place_id=ChIJq_b1M3IV2C0RcO5ZgP1pe6c","5","abdul kholik","https://www.google.com/maps/reviews/data=!4m8!14m7!1m6!2m5!1sChdDSUhNMG9nS0VJQ0FnSURtc0tDVHp3RRAB!2m1!1s0x0:0xa77b69fd8059ee70!3m1!1s2@1:CIHM0ogKEICAgIDmsKCTzwE%7C%7C?hl=id","Kesan keasrian lautannya msih begitu terasa"
"Taman Labuhan Mangrove Jung Koneng","https://www.google.com/maps/search/?api=1&query=Taman%20Labuhan%20Mangrove%20Jung%20Koneng&query_place_id=ChIJq_b1M3IV2C0RcO5ZgP1pe6c","4","Azizah Saja","https://www.google.com/maps/reviews/data=!4m8!14m7!1m6!2m5!1sChZDSUhNMG9nS0VJQ0FnSUNNc2VxQ0N3EAE!2m1!1s0x0:0xa77b69fd8059ee70!3m1!1s2@1:CIHM0ogKEICAgICMseqCCw%7C%7C?hl=id","It's okkkaaayyy"
"Taman Labuhan Mangrove Jung Koneng","https://www.google.com/maps/search/?api=1&query=Taman%20Labuhan%20Mangrove%20Jung%20Koneng&query_place_id=ChIJq_b1M3IV2C0RcO5ZgP1pe6c","5","Wardeww","https://www.google.com/maps/reviews/data=!4m8!14m7!1m6!2m5!1sChZDSUhNMG9nS0VJQ0FnSUNVN3FEOGZ3EAE!2m1!1s0x0:0xa77b69fd8059ee70!3m1!1s2@1:CIHM0ogKEICAgICU7qD8fw%7C%7C?hl=id","Nise"
"Taman Labuhan Mangrove Jung Koneng","https://www.google.com/maps/search/?api=1&query=Taman%20Labuhan%20Mangrove%20Jung%20Koneng&query_place_id=ChIJq_b1M3IV2C0RcO5ZgP1pe6c","5","Syafi MS","https://www.google.com/maps/reviews/data=!4m8!14m7!1m6!2m5!1sChZDSUhNMG9nS0VJQ0FnSUNlNGNMcWJnEAE!2m1!1s0x0:0xa77b69fd8059ee70!3m1!1s2@1:CIHM0ogKEICAgICe4cLqbg%7C%7C?hl=id",
"Taman Labuhan Mangrove Jung Koneng","https://www.google.com/maps/search/?api=1&query=Taman%20Labuhan%20Mangrove%20Jung%20Koneng&query_place_id=ChIJq_b1M3IV2C0RcO5ZgP1pe6c","5","Ahmad Faisol","https://www.google.com/maps/reviews/data=!4m8!14m7!1m6!2m5!1sChdDSUhNMG9nS0VJQ0FnTURJNlpydWdRRRAB!2m1!1s0x0:0xa77b69fd8059ee70!3m1!1s2@1:CIHM0ogKEICAgMDI6ZrugQE%7C%7C?hl=id","Top"
"Taman Labuhan Mangrove Jung Koneng","https://www.google.com/maps/search/?api=1&query=Taman%20Labuhan%20Mangrove%20Jung%20Koneng&query_place_id=ChIJq_b1M3IV2C0RcO5ZgP1pe6c","5","Yuli Aisyah","https://www.google.com/maps/reviews/data=!4m8!14m7!1m6!2m5!1sChdDSUhNMG9nS0VJQ0FnSURDNWV1SF9BRRAB!2m1!1s0x0:0xa77b69fd8059ee70!3m1!1s2@1:CIHM0ogKEICAgIDC5euH_AE%7C%7C?hl=id",
"Taman Labuhan Mangrove Jung Koneng","https://www.google.com/maps/search/?api=1&query=Taman%20Labuhan%20Mangrove%20Jung%20Koneng&query_place_id=ChIJq_b1M3IV2C0RcO5ZgP1pe6c","4","Joko Susilo","https://www.google.com/maps/reviews/data=!4m8!14m7!1m6!2m5!1sChdDSUhNMG9nS0VJQ0FnSUNiMnRUS19RRRAB!2m1!1s0x0:0xa77b69fd8059ee70!3m1!1s2@1:CIHM0ogKEICAgICb2tTK_QE%7C%7C?hl=id",
"Taman Labuhan Mangrove Jung Koneng","https://www.google.com/maps/search/?api=1&query=Taman%20Labuhan%20Mangrove%20Jung%20Koneng&query_place_id=ChIJq_b1M3IV2C0RcO5ZgP1pe6c","5","Bhayu Pramana","https://www.google.com/maps/reviews/data=!4m8!14m7!1m6!2m5!1sChdDSUhNMG9nS0VJQ0FnSURjMnAtQXlBRRAB!2m1!1s0x0:0xa77b69fd8059ee70!3m1!1s2@1:CIHM0ogKEICAgIDc2p-AyAE%7C%7C?hl=id",
"Taman Labuhan Mangrove Jung Koneng","https://www.google.com/maps/search/?api=1&query=Taman%20Labuhan%20Mangrove%20Jung%20Koneng&query_place_id=ChIJq_b1M3IV2C0RcO5ZgP1pe6c","5","MYCHANNIL 96","https://www.google.com/maps/reviews/data=!4m8!14m7!1m6!2m5!1sChdDSUhNMG9nS0VJQ0FnSUR4cWZ2UWdRRRAB!2m1!1s0x0:0xa77b69fd8059ee70!3m1!1s2@1:CIHM0ogKEICAgIDxqfvQgQE%7C%7C?hl=id",
"Taman Labuhan Mangrove Jung Koneng","https://www.google.com/maps/search/?api=1&query=Taman%20Labuhan%20Mangrove%20Jung%20Koneng&query_place_id=ChIJq_b1M3IV2C0RcO5ZgP1pe6c","5","Adindha Previta","https://www.google.com/maps/reviews/data=!4m8!14m7!1m6!2m5!1sChdDSUhNMG9nS0VJQ0FnSURTaWJHbzBnRRAB!2m1!1s0x0:0xa77b69fd8059ee70!3m1!1s2@1:CIHM0ogKEICAgIDSibGo0gE%7C%7C?hl=id","sejuk dimata"
"Taman Labuhan Mangrove Jung Koneng","https://www.google.com/maps/search/?api=1&query=Taman%20Labuhan%20Mangrove%20Jung%20Koneng&query_place_id=ChIJq_b1M3IV2C0RcO5ZgP1pe6c","3","akhmad khoiron","https://www.google.com/maps/reviews/data=!4m8!14m7!1m6!2m5!1sChZDSUhNMG9nS0VJQ0FnSURRbGZXUE53EAE!2m1!1s0x0:0xa77b69fd8059ee70!3m1!1s2@1:CIHM0ogKEICAgIDQlfWPNw%7C%7C?hl=id","The place is unexpected."
"Taman Labuhan Mangrove Jung Koneng","https://www.google.com/maps/search/?api=1&query=Taman%20Labuhan%20Mangrove%20Jung%20Koneng&query_place_id=ChIJq_b1M3IV2C0RcO5ZgP1pe6c","5","choirul anam","https://www.google.com/maps/reviews/data=!4m8!14m7!1m6!2m5!1sCi9DQUlRQUNvZENodHljRjlvT205MFpFTnVhems0TFVkR1YyRndVMEl5T0VOM1VsRRAB!2m1!1s0x0:0xa77b69fd8059ee70!3m1!1s2@1:CAIQACodChtycF9oOm90ZENuazk4LUdGV2FwU0IyOEN3UlE%7C%7C?hl=id",
"Taman Labuhan Mangrove Jung Koneng","https://www.google.com/maps/search/?api=1&query=Taman%20Labuhan%20Mangrove%20Jung%20Koneng&query_place_id=ChIJq_b1M3IV2C0RcO5ZgP1pe6c","5","Zainullah Achmad","https://www.google.com/maps/reviews/data=!4m8!14m7!1m6!2m5!1sCi9DQUlRQUNvZENodHljRjlvT214eVJuRkJVR3hhYkdORk5GWnBlbkoxUzFScmNYYxAB!2m1!1s0x0:0xa77b69fd8059ee70!3m1!1s2@1:CAIQACodChtycF9oOmxyRnFBUGxabGNFNFZpenJ1S1RrcXc%7C%7C?hl=id",
"Taman Labuhan Mangrove Jung Koneng","https://www.google.com/maps/search/?api=1&query=Taman%20Labuhan%20Mangrove%20Jung%20Koneng&query_place_id=ChIJq_b1M3IV2C0RcO5ZgP1pe6c","5","NOOB PLEYER","https://www.google.com/maps/reviews/data=!4m8!14m7!1m6!2m5!1sCi9DQUlRQUNvZENodHljRjlvT25KTWRYUlRaVjlMTWpsV1VsSnNkMGR5Vm1nM1pIYxAB!2m1!1s0x0:0xa77b69fd8059ee70!3m1!1s2@1:CAIQACodChtycF9oOnJMdXRTZV9LMjlWUlJsd0dyVmg3ZHc%7C%7C?hl=id",
"Taman Labuhan Mangrove Jung Koneng","https://www.google.com/maps/search/?api=1&query=Taman%20Labuhan%20Mangrove%20Jung%20Koneng&query_place_id=ChIJq_b1M3IV2C0RcO5ZgP1pe6c","5","Alfina Tri Agustin","https://www.google.com/maps/reviews/data=!4m8!14m7!1m6!2m5!1sCi9DQUlRQUNvZENodHljRjlvT2xKMFVVNHpNVXBTVWpOVmRGTk9XbWhZTW5CdlowRRAB!2m1!1s0x0:0xa77b69fd8059ee70!3m1!1s2@1:CAIQACodChtycF9oOlJ0UU4zMUpSUjNVdFNOWmhYMnBvZ0E%7C%7C?hl=id",
"Taman Labuhan Mangrove Jung Koneng","https://www.google.com/maps/search/?api=1&query=Taman%20Labuhan%20Mangrove%20Jung%20Koneng&query_place_id=ChIJq_b1M3IV2C0RcO5ZgP1pe6c","5","Muslimin Imin","https://www.google.com/maps/reviews/data=!4m8!14m7!1m6!2m5!1sChdDSUhNMG9nS0VPelptcEgwMmJQUjBnRRAB!2m1!1s0x0:0xa77b69fd8059ee70!3m1!1s2@1:CIHM0ogKEOzZmpH02bPR0gE%7C%7C?hl=id",
"Taman Labuhan Mangrove Jung Koneng","https://www.google.com/maps/search/?api=1&query=Taman%20Labuhan%20Mangrove%20Jung%20Koneng&query_place_id=ChIJq_b1M3IV2C0RcO5ZgP1pe6c","5","chino keren","https://www.google.com/maps/reviews/data=!4m8!14m7!1m6!2m5!1sChZDSUhNMG9nS0VJQ0FnSUNIbnBfOVp3EAE!2m1!1s0x0:0xa77b69fd8059ee70!3m1!1s2@1:CIHM0ogKEICAgICHnp_9Zw%7C%7C?hl=id",
"Taman Labuhan Mangrove Jung Koneng","https://www.google.com/maps/search/?api=1&query=Taman%20Labuhan%20Mangrove%20Jung%20Koneng&query_place_id=ChIJq_b1M3IV2C0RcO5ZgP1pe6c","5","Inesa Putri920","https://www.google.com/maps/reviews/data=!4m8!14m7!1m6!2m5!1sChZDSUhNMG9nS0VJQ0FnSUNyNmFudUtREAE!2m1!1s0x0:0xa77b69fd8059ee70!3m1!1s2@1:CIHM0ogKEICAgICr6anuKQ%7C%7C?hl=id",
"Taman Labuhan Mangrove Jung Koneng","https://www.google.com/maps/search/?api=1&query=Taman%20Labuhan%20Mangrove%20Jung%20Koneng&query_place_id=ChIJq_b1M3IV2C0RcO5ZgP1pe6c","3","Saiful Bahri","https://www.google.com/maps/reviews/data=!4m8!14m7!1m6!2m5!1sChdDSUhNMG9nS0VJQ0FnSUNqLTl2Tjh3RRAB!2m1!1s0x0:0xa77b69fd8059ee70!3m1!1s2@1:CIHM0ogKEICAgICj-9vN8wE%7C%7C?hl=id",
"Taman Labuhan Mangrove Jung Koneng","https://www.google.com/maps/search/?api=1&query=Taman%20Labuhan%20Mangrove%20Jung%20Koneng&query_place_id=ChIJq_b1M3IV2C0RcO5ZgP1pe6c","1","Munir Adam fikri","https://www.google.com/maps/reviews/data=!4m8!14m7!1m6!2m5!1sChdDSUhNMG9nS0VJQ0FnSUNsLTgzdWtRRRAB!2m1!1s0x0:0xa77b69fd8059ee70!3m1!1s2@1:CIHM0ogKEICAgICl-83ukQE%7C%7C?hl=id",
"Taman Labuhan Mangrove Jung Koneng","https://www.google.com/maps/search/?api=1&query=Taman%20Labuhan%20Mangrove%20Jung%20Koneng&query_place_id=ChIJq_b1M3IV2C0RcO5ZgP1pe6c","5","Brahma Astagiri","https://www.google.com/maps/reviews/data=!4m8!14m7!1m6!2m5!1sChdDSUhNMG9nS0VJQ0FnSUNGbzZETjRRRRAB!2m1!1s0x0:0xa77b69fd8059ee70!3m1!1s2@1:CIHM0ogKEICAgICFo6DN4QE%7C%7C?hl=id",
"Taman Labuhan Mangrove Jung Koneng","https://www.google.com/maps/search/?api=1&query=Taman%20Labuhan%20Mangrove%20Jung%20Koneng&query_place_id=ChIJq_b1M3IV2C0RcO5ZgP1pe6c","5","Ibnu Sholah30","https://www.google.com/maps/reviews/data=!4m8!14m7!1m6!2m5!1sChZDSUhNMG9nS0VJQ0FnSUQ1MXI2NUx3EAE!2m1!1s0x0:0xa77b69fd8059ee70!3m1!1s2@1:CIHM0ogKEICAgID51r65Lw%7C%7C?hl=id",
"Taman Labuhan Mangrove Jung Koneng","https://www.google.com/maps/search/?api=1&query=Taman%20Labuhan%20Mangrove%20Jung%20Koneng&query_place_id=ChIJq_b1M3IV2C0RcO5ZgP1pe6c","5","Muhammad Rafael","https://www.google.com/maps/reviews/data=!4m8!14m7!1m6!2m5!1sChZDSUhNMG9nS0VJQ0FnSURwdWRyRFlREAE!2m1!1s0x0:0xa77b69fd8059ee70!3m1!1s2@1:CIHM0ogKEICAgIDpudrDYQ%7C%7C?hl=id",
"Taman Labuhan Mangrove Jung Koneng","https://www.google.com/maps/search/?api=1&query=Taman%20Labuhan%20Mangrove%20Jung%20Koneng&query_place_id=ChIJq_b1M3IV2C0RcO5ZgP1pe6c","5","Moh Nofian Subandi","https://www.google.com/maps/reviews/data=!4m8!14m7!1m6!2m5!1sChZDSUhNMG9nS0VJQ0FnSURweEltNGJREAE!2m1!1s0x0:0xa77b69fd8059ee70!3m1!1s2@1:CIHM0ogKEICAgIDpxIm4bQ%7C%7C?hl=id",
"Taman Labuhan Mangrove Jung Koneng","https://www.google.com/maps/search/?api=1&query=Taman%20Labuhan%20Mangrove%20Jung%20Koneng&query_place_id=ChIJq_b1M3IV2C0RcO5ZgP1pe6c","5","Syarif Mamad","https://www.google.com/maps/reviews/data=!4m8!14m7!1m6!2m5!1sChdDSUhNMG9nS0VJQ0FnSUNwNF9qd3R3RRAB!2m1!1s0x0:0xa77b69fd8059ee70!3m1!1s2@1:CIHM0ogKEICAgICp4_jwtwE%7C%7C?hl=id",
"Taman Labuhan Mangrove Jung Koneng","https://www.google.com/maps/search/?api=1&query=Taman%20Labuhan%20Mangrove%20Jung%20Koneng&query_place_id=ChIJq_b1M3IV2C0RcO5ZgP1pe6c","5","Imam Bukhori","https://www.google.com/maps/reviews/data=!4m8!14m7!1m6!2m5!1sChdDSUhNMG9nS0VJQ0FnSUN4aU56enpBRRAB!2m1!1s0x0:0xa77b69fd8059ee70!3m1!1s2@1:CIHM0ogKEICAgICxiNzzzAE%7C%7C?hl=id",
"Taman Labuhan Mangrove Jung Koneng","https://www.google.com/maps/search/?api=1&query=Taman%20Labuhan%20Mangrove%20Jung%20Koneng&query_place_id=ChIJq_b1M3IV2C0RcO5ZgP1pe6c","5","Elisa","https://www.google.com/maps/reviews/data=!4m8!14m7!1m6!2m5!1sChdDSUhNMG9nS0VJQ0FnSUQtaFpDZ3p3RRAB!2m1!1s0x0:0xa77b69fd8059ee70!3m1!1s2@1:CIHM0ogKEICAgID-hZCgzwE%7C%7C?hl=id",
"Taman Labuhan Mangrove Jung Koneng","https://www.google.com/maps/search/?api=1&query=Taman%20Labuhan%20Mangrove%20Jung%20Koneng&query_place_id=ChIJq_b1M3IV2C0RcO5ZgP1pe6c","5","Idrus Syamsi","https://www.google.com/maps/reviews/data=!4m8!14m7!1m6!2m5!1sChZDSUhNMG9nS0VJQ0FnSUQtd0ptNERBEAE!2m1!1s0x0:0xa77b69fd8059ee70!3m1!1s2@1:CIHM0ogKEICAgID-wJm4DA%7C%7C?hl=id",
"Taman Labuhan Mangrove Jung Koneng","https://www.google.com/maps/search/?api=1&query=Taman%20Labuhan%20Mangrove%20Jung%20Koneng&query_place_id=ChIJq_b1M3IV2C0RcO5ZgP1pe6c","5","R Arifiansyah","https://www.google.com/maps/reviews/data=!4m8!14m7!1m6!2m5!1sChdDSUhNMG9nS0VJQ0FnSURlbUlmTWlRRRAB!2m1!1s0x0:0xa77b69fd8059ee70!3m1!1s2@1:CIHM0ogKEICAgIDemIfMiQE%7C%7C?hl=id",
"Taman Labuhan Mangrove Jung Koneng","https://www.google.com/maps/search/?api=1&query=Taman%20Labuhan%20Mangrove%20Jung%20Koneng&query_place_id=ChIJq_b1M3IV2C0RcO5ZgP1pe6c","4","Didik Irenk","https://www.google.com/maps/reviews/data=!4m8!14m7!1m6!2m5!1sChdDSUhNMG9nS0VJQ0FnSUR1b3V6U3BBRRAB!2m1!1s0x0:0xa77b69fd8059ee70!3m1!1s2@1:CIHM0ogKEICAgIDuouzSpAE%7C%7C?hl=id",
"Taman Labuhan Mangrove Jung Koneng","https://www.google.com/maps/search/?api=1&query=Taman%20Labuhan%20Mangrove%20Jung%20Koneng&query_place_id=ChIJq_b1M3IV2C0RcO5ZgP1pe6c","4","Ifaaa","https://www.google.com/maps/reviews/data=!4m8!14m7!1m6!2m5!1sChdDSUhNMG9nS0VJQ0FnSUN1NTl2Q2lBRRAB!2m1!1s0x0:0xa77b69fd8059ee70!3m1!1s2@1:CIHM0ogKEICAgICu59vCiAE%7C%7C?hl=id",
"Taman Labuhan Mangrove Jung Koneng","https://www.google.com/maps/search/?api=1&query=Taman%20Labuhan%20Mangrove%20Jung%20Koneng&query_place_id=ChIJq_b1M3IV2C0RcO5ZgP1pe6c","5","juri anto","https://www.google.com/maps/reviews/data=!4m8!14m7!1m6!2m5!1sChZDSUhNMG9nS0VJQ0FnSURPX1ptR01nEAE!2m1!1s0x0:0xa77b69fd8059ee70!3m1!1s2@1:CIHM0ogKEICAgIDO_ZmGMg%7C%7C?hl=id",
"Taman Labuhan Mangrove Jung Koneng","https://www.google.com/maps/search/?api=1&query=Taman%20Labuhan%20Mangrove%20Jung%20Koneng&query_place_id=ChIJq_b1M3IV2C0RcO5ZgP1pe6c","4","Nur Inezita","https://www.google.com/maps/reviews/data=!4m8!14m7!1m6!2m5!1sChZDSUhNMG9nS0VJQ0FnSUQyeG9tUktBEAE!2m1!1s0x0:0xa77b69fd8059ee70!3m1!1s2@1:CIHM0ogKEICAgID2xomRKA%7C%7C?hl=id",
"Taman Labuhan Mangrove Jung Koneng","https://www.google.com/maps/search/?api=1&query=Taman%20Labuhan%20Mangrove%20Jung%20Koneng&query_place_id=ChIJq_b1M3IV2C0RcO5ZgP1pe6c","5","Jihan putri Ramadhani","https://www.google.com/maps/reviews/data=!4m8!14m7!1m6!2m5!1sChdDSUhNMG9nS0VJQ0FnSUMyc0lpYzRnRRAB!2m1!1s0x0:0xa77b69fd8059ee70!3m1!1s2@1:CIHM0ogKEICAgIC2sIic4gE%7C%7C?hl=id",
"Taman Labuhan Mangrove Jung Koneng","https://www.google.com/maps/search/?api=1&query=Taman%20Labuhan%20Mangrove%20Jung%20Koneng&query_place_id=ChIJq_b1M3IV2C0RcO5ZgP1pe6c","5","Ahmad Fahriannur","https://www.google.com/maps/reviews/data=!4m8!14m7!1m6!2m5!1sChZDSUhNMG9nS0VJQ0FnSURXZzUtOU5REAE!2m1!1s0x0:0xa77b69fd8059ee70!3m1!1s2@1:CIHM0ogKEICAgIDWg5-9NQ%7C%7C?hl=id",
"Taman Labuhan Mangrove Jung Koneng","https://www.google.com/maps/search/?api=1&query=Taman%20Labuhan%20Mangrove%20Jung%20Koneng&query_place_id=ChIJq_b1M3IV2C0RcO5ZgP1pe6c","4","Muhammad Hisyam","https://www.google.com/maps/reviews/data=!4m8!14m7!1m6!2m5!1sChdDSUhNMG9nS0VJQ0FnSURXNVpHMzNRRRAB!2m1!1s0x0:0xa77b69fd8059ee70!3m1!1s2@1:CIHM0ogKEICAgIDW5ZG33QE%7C%7C?hl=id",
"Taman Labuhan Mangrove Jung Koneng","https://www.google.com/maps/search/?api=1&query=Taman%20Labuhan%20Mangrove%20Jung%20Koneng&query_place_id=ChIJq_b1M3IV2C0RcO5ZgP1pe6c","5","Faridatus Sakinah","https://www.google.com/maps/reviews/data=!4m8!14m7!1m6!2m5!1sChdDSUhNMG9nS0VJQ0FnSURXdWN5VWpnRRAB!2m1!1s0x0:0xa77b69fd8059ee70!3m1!1s2@1:CIHM0ogKEICAgIDWucyUjgE%7C%7C?hl=id",
"Taman Labuhan Mangrove Jung Koneng","https://www.google.com/maps/search/?api=1&query=Taman%20Labuhan%20Mangrove%20Jung%20Koneng&query_place_id=ChIJq_b1M3IV2C0RcO5ZgP1pe6c","5","Mahrus al hadi 057","https://www.google.com/maps/reviews/data=!4m8!14m7!1m6!2m5!1sChZDSUhNMG9nS0VJQ0FnSURXNGV2eWFnEAE!2m1!1s0x0:0xa77b69fd8059ee70!3m1!1s2@1:CIHM0ogKEICAgIDW4evyag%7C%7C?hl=id",
"Taman Labuhan Mangrove Jung Koneng","https://www.google.com/maps/search/?api=1&query=Taman%20Labuhan%20Mangrove%20Jung%20Koneng&query_place_id=ChIJq_b1M3IV2C0RcO5ZgP1pe6c","5","Arifin Putra","https://www.google.com/maps/reviews/data=!4m8!14m7!1m6!2m5!1sChdDSUhNMG9nS0VJQ0FnSURXbE9tQl9nRRAB!2m1!1s0x0:0xa77b69fd8059ee70!3m1!1s2@1:CIHM0ogKEICAgIDWlOmB_gE%7C%7C?hl=id",
"Taman Labuhan Mangrove Jung Koneng","https://www.google.com/maps/search/?api=1&query=Taman%20Labuhan%20Mangrove%20Jung%20Koneng&query_place_id=ChIJq_b1M3IV2C0RcO5ZgP1pe6c","5","Luqman Faiq","https://www.google.com/maps/reviews/data=!4m8!14m7!1m6!2m5!1sChZDSUhNMG9nS0VJQ0FnSUNXa28tYlh3EAE!2m1!1s0x0:0xa77b69fd8059ee70!3m1!1s2@1:CIHM0ogKEICAgICWko-bXw%7C%7C?hl=id",
"Taman Labuhan Mangrove Jung Koneng","https://www.google.com/maps/search/?api=1&query=Taman%20Labuhan%20Mangrove%20Jung%20Koneng&query_place_id=ChIJq_b1M3IV2C0RcO5ZgP1pe6c","5","Tyas Alfian Damayanti","https://www.google.com/maps/reviews/data=!4m8!14m7!1m6!2m5!1sChdDSUhNMG9nS0VJQ0FnSUNXaEl6QTR3RRAB!2m1!1s0x0:0xa77b69fd8059ee70!3m1!1s2@1:CIHM0ogKEICAgICWhIzA4wE%7C%7C?hl=id",
"Taman Labuhan Mangrove Jung Koneng","https://www.google.com/maps/search/?api=1&query=Taman%20Labuhan%20Mangrove%20Jung%20Koneng&query_place_id=ChIJq_b1M3IV2C0RcO5ZgP1pe6c","1","JINCHENG","https://www.google.com/maps/reviews/data=!4m8!14m7!1m6!2m5!1sChdDSUhNMG9nS0VJQ0FnSUNXOE5xNmdRRRAB!2m1!1s0x0:0xa77b69fd8059ee70!3m1!1s2@1:CIHM0ogKEICAgICW8Nq6gQE%7C%7C?hl=id",
"Taman Labuhan Mangrove Jung Koneng","https://www.google.com/maps/search/?api=1&query=Taman%20Labuhan%20Mangrove%20Jung%20Koneng&query_place_id=ChIJq_b1M3IV2C0RcO5ZgP1pe6c","5","Hana Agustina","https://www.google.com/maps/reviews/data=!4m8!14m7!1m6!2m5!1sChZDSUhNMG9nS0VJQ0FnSUNtLUlieU1BEAE!2m1!1s0x0:0xa77b69fd8059ee70!3m1!1s2@1:CIHM0ogKEICAgICm-IbyMA%7C%7C?hl=id",
"Taman Labuhan Mangrove Jung Koneng","https://www.google.com/maps/search/?api=1&query=Taman%20Labuhan%20Mangrove%20Jung%20Koneng&query_place_id=ChIJq_b1M3IV2C0RcO5ZgP1pe6c","5","Jangkrek Edan","https://www.google.com/maps/reviews/data=!4m8!14m7!1m6!2m5!1sChdDSUhNMG9nS0VJQ0FnSURHLUk3djB3RRAB!2m1!1s0x0:0xa77b69fd8059ee70!3m1!1s2@1:CIHM0ogKEICAgIDG-I7v0wE%7C%7C?hl=id",
"Taman Labuhan Mangrove Jung Koneng","https://www.google.com/maps/search/?api=1&query=Taman%20Labuhan%20Mangrove%20Jung%20Koneng&query_place_id=ChIJq_b1M3IV2C0RcO5ZgP1pe6c","5","rizky gunawan","https://www.google.com/maps/reviews/data=!4m8!14m7!1m6!2m5!1sChdDSUhNMG9nS0VJQ0FnSUNHdjltczNRRRAB!2m1!1s0x0:0xa77b69fd8059ee70!3m1!1s2@1:CIHM0ogKEICAgICGv9ms3QE%7C%7C?hl=id",
"Taman Labuhan Mangrove Jung Koneng","https://www.google.com/maps/search/?api=1&query=Taman%20Labuhan%20Mangrove%20Jung%20Koneng&query_place_id=ChIJq_b1M3IV2C0RcO5ZgP1pe6c","5","Ach. Faishol Hafandi","https://www.google.com/maps/reviews/data=!4m8!14m7!1m6!2m5!1sChdDSUhNMG9nS0VJQ0FnSUQ2dmVxbzJBRRAB!2m1!1s0x0:0xa77b69fd8059ee70!3m1!1s2@1:CIHM0ogKEICAgID6veqo2AE%7C%7C?hl=id",
"Taman Labuhan Mangrove Jung Koneng","https://www.google.com/maps/search/?api=1&query=Taman%20Labuhan%20Mangrove%20Jung%20Koneng&query_place_id=ChIJq_b1M3IV2C0RcO5ZgP1pe6c","4","Selvia Ebeh NQ","https://www.google.com/maps/reviews/data=!4m8!14m7!1m6!2m5!1sChZDSUhNMG9nS0VJQ0FnSUM2dXBtSFpBEAE!2m1!1s0x0:0xa77b69fd8059ee70!3m1!1s2@1:CIHM0ogKEICAgIC6upmHZA%7C%7C?hl=id",
"Taman Labuhan Mangrove Jung Koneng","https://www.google.com/maps/search/?api=1&query=Taman%20Labuhan%20Mangrove%20Jung%20Koneng&query_place_id=ChIJq_b1M3IV2C0RcO5ZgP1pe6c","5","Ajilatul Fadlliyah","https://www.google.com/maps/reviews/data=!4m8!14m7!1m6!2m5!1sChdDSUhNMG9nS0VJQ0FnSUNxcDhLTXR3RRAB!2m1!1s0x0:0xa77b69fd8059ee70!3m1!1s2@1:CIHM0ogKEICAgICqp8KMtwE%7C%7C?hl=id",
"Taman Labuhan Mangrove Jung Koneng","https://www.google.com/maps/search/?api=1&query=Taman%20Labuhan%20Mangrove%20Jung%20Koneng&query_place_id=ChIJq_b1M3IV2C0RcO5ZgP1pe6c","5","R Siti Isnaniyah","https://www.google.com/maps/reviews/data=!4m8!14m7!1m6!2m5!1sChdDSUhNMG9nS0VJQ0FnSUN5MXBEU3B3RRAB!2m1!1s0x0:0xa77b69fd8059ee70!3m1!1s2@1:CIHM0ogKEICAgICy1pDSpwE%7C%7C?hl=id",
"Taman Labuhan Mangrove Jung Koneng","https://www.google.com/maps/search/?api=1&query=Taman%20Labuhan%20Mangrove%20Jung%20Koneng&query_place_id=ChIJq_b1M3IV2C0RcO5ZgP1pe6c","5","Kolenan Conk","https://www.google.com/maps/reviews/data=!4m8!14m7!1m6!2m5!1sChdDSUhNMG9nS0VJQ0FnSUNTNEpQLXl3RRAB!2m1!1s0x0:0xa77b69fd8059ee70!3m1!1s2@1:CIHM0ogKEICAgICS4JP-ywE%7C%7C?hl=id",
"Taman Labuhan Mangrove Jung Koneng","https://www.google.com/maps/search/?api=1&query=Taman%20Labuhan%20Mangrove%20Jung%20Koneng&query_place_id=ChIJq_b1M3IV2C0RcO5ZgP1pe6c","5","Ilham Řomadhon","https://www.google.com/maps/reviews/data=!4m8!14m7!1m6!2m5!1sChZDSUhNMG9nS0VJQ0FnSURpb2RmMVdnEAE!2m1!1s0x0:0xa77b69fd8059ee70!3m1!1s2@1:CIHM0ogKEICAgIDiodf1Wg%7C%7C?hl=id",
"Taman Labuhan Mangrove Jung Koneng","https://www.google.com/maps/search/?api=1&query=Taman%20Labuhan%20Mangrove%20Jung%20Koneng&query_place_id=ChIJq_b1M3IV2C0RcO5ZgP1pe6c","5","Mustikayanti Yuni Lestari","https://www.google.com/maps/reviews/data=!4m8!14m7!1m6!2m5!1sChdDSUhNMG9nS0VJQ0FnSUNpcXBQQ2tRRRAB!2m1!1s0x0:0xa77b69fd8059ee70!3m1!1s2@1:CIHM0ogKEICAgICiqpPCkQE%7C%7C?hl=id",
"Taman Labuhan Mangrove Jung Koneng","https://www.google.com/maps/search/?api=1&query=Taman%20Labuhan%20Mangrove%20Jung%20Koneng&query_place_id=ChIJq_b1M3IV2C0RcO5ZgP1pe6c","5","Hobir Ibnu Latif","https://www.google.com/maps/reviews/data=!4m8!14m7!1m6!2m5!1sChZDSUhNMG9nS0VJQ0FnSUNpb0tTdllREAE!2m1!1s0x0:0xa77b69fd8059ee70!3m1!1s2@1:CIHM0ogKEICAgICioKSvYQ%7C%7C?hl=id",
"Taman Labuhan Mangrove Jung Koneng","https://www.google.com/maps/search/?api=1&query=Taman%20Labuhan%20Mangrove%20Jung%20Koneng&query_place_id=ChIJq_b1M3IV2C0RcO5ZgP1pe6c","4","Lukman Nurdini","https://www.google.com/maps/reviews/data=!4m8!14m7!1m6!2m5!1sChZDSUhNMG9nS0VJQ0FnSURDaTRtbERnEAE!2m1!1s0x0:0xa77b69fd8059ee70!3m1!1s2@1:CIHM0ogKEICAgIDCi4mlDg%7C%7C?hl=id",
"Taman Labuhan Mangrove Jung Koneng","https://www.google.com/maps/search/?api=1&query=Taman%20Labuhan%20Mangrove%20Jung%20Koneng&query_place_id=ChIJq_b1M3IV2C0RcO5ZgP1pe6c","5","Juniarti Nia","https://www.google.com/maps/reviews/data=!4m8!14m7!1m6!2m5!1sChZDSUhNMG9nS0VJQ0FnSURDX05Td2NREAE!2m1!1s0x0:0xa77b69fd8059ee70!3m1!1s2@1:CIHM0ogKEICAgIDC_NSwcQ%7C%7C?hl=id",
"Taman Labuhan Mangrove Jung Koneng","https://www.google.com/maps/search/?api=1&query=Taman%20Labuhan%20Mangrove%20Jung%20Koneng&query_place_id=ChIJq_b1M3IV2C0RcO5ZgP1pe6c","1","Emmak Jahat","https://www.google.com/maps/reviews/data=!4m8!14m7!1m6!2m5!1sChdDSUhNMG9nS0VJQ0FnSUNjZ28zQS1RRRAB!2m1!1s0x0:0xa77b69fd8059ee70!3m1!1s2@1:CIHM0ogKEICAgICcgo3A-QE%7C%7C?hl=id",
"Taman Labuhan Mangrove Jung Koneng","https://www.google.com/maps/search/?api=1&query=Taman%20Labuhan%20Mangrove%20Jung%20Koneng&query_place_id=ChIJq_b1M3IV2C0RcO5ZgP1pe6c","5","Si Doelll","https://www.google.com/maps/reviews/data=!4m8!14m7!1m6!2m5!1sChdDSUhNMG9nS0VJQ0FnSUNNN2Y2cmtnRRAB!2m1!1s0x0:0xa77b69fd8059ee70!3m1!1s2@1:CIHM0ogKEICAgICM7f6rkgE%7C%7C?hl=id",
"Taman Labuhan Mangrove Jung Koneng","https://www.google.com/maps/search/?api=1&query=Taman%20Labuhan%20Mangrove%20Jung%20Koneng&query_place_id=ChIJq_b1M3IV2C0RcO5ZgP1pe6c","5","Noer Ainiy","https://www.google.com/maps/reviews/data=!4m8!14m7!1m6!2m5!1sChdDSUhNMG9nS0VJQ0FnSUNNdWJlc3JnRRAB!2m1!1s0x0:0xa77b69fd8059ee70!3m1!1s2@1:CIHM0ogKEICAgICMubesrgE%7C%7C?hl=id",
"Taman Labuhan Mangrove Jung Koneng","https://www.google.com/maps/search/?api=1&query=Taman%20Labuhan%20Mangrove%20Jung%20Koneng&query_place_id=ChIJq_b1M3IV2C0RcO5ZgP1pe6c","3","Roni Purwanto","https://www.google.com/maps/reviews/data=!4m8!14m7!1m6!2m5!1sChdDSUhNMG9nS0VJQ0FnSUNNc2NhaWpnRRAB!2m1!1s0x0:0xa77b69fd8059ee70!3m1!1s2@1:CIHM0ogKEICAgICMscaijgE%7C%7C?hl=id",
"Taman Labuhan Mangrove Jung Koneng","https://www.google.com/maps/search/?api=1&query=Taman%20Labuhan%20Mangrove%20Jung%20Koneng&query_place_id=ChIJq_b1M3IV2C0RcO5ZgP1pe6c","5","Fikri Metal","https://www.google.com/maps/reviews/data=!4m8!14m7!1m6!2m5!1sChdDSUhNMG9nS0VJQ0FnSUNNc2VTei13RRAB!2m1!1s0x0:0xa77b69fd8059ee70!3m1!1s2@1:CIHM0ogKEICAgICMseSz-wE%7C%7C?hl=id",
"Taman Labuhan Mangrove Jung Koneng","https://www.google.com/maps/search/?api=1&query=Taman%20Labuhan%20Mangrove%20Jung%20Koneng&query_place_id=ChIJq_b1M3IV2C0RcO5ZgP1pe6c","5","Rinanti Permatasari","https://www.google.com/maps/reviews/data=!4m8!14m7!1m6!2m5!1sChZDSUhNMG9nS0VJQ0FnSUQwMmFMZExBEAE!2m1!1s0x0:0xa77b69fd8059ee70!3m1!1s2@1:CIHM0ogKEICAgID02aLdLA%7C%7C?hl=id",
"Taman Labuhan Mangrove Jung Koneng","https://www.google.com/maps/search/?api=1&query=Taman%20Labuhan%20Mangrove%20Jung%20Koneng&query_place_id=ChIJq_b1M3IV2C0RcO5ZgP1pe6c","4","Salsalah","https://www.google.com/maps/reviews/data=!4m8!14m7!1m6!2m5!1sChdDSUhNMG9nS0VJQ0FnSUNFeW9IT2p3RRAB!2m1!1s0x0:0xa77b69fd8059ee70!3m1!1s2@1:CIHM0ogKEICAgICEyoHOjwE%7C%7C?hl=id",
"Taman Labuhan Mangrove Jung Koneng","https://www.google.com/maps/search/?api=1&query=Taman%20Labuhan%20Mangrove%20Jung%20Koneng&query_place_id=ChIJq_b1M3IV2C0RcO5ZgP1pe6c","3","Norita Febriyanti","https://www.google.com/maps/reviews/data=!4m8!14m7!1m6!2m5!1sChdDSUhNMG9nS0VJQ0FnSURveU1iczVRRRAB!2m1!1s0x0:0xa77b69fd8059ee70!3m1!1s2@1:CIHM0ogKEICAgIDoyMbs5QE%7C%7C?hl=id",
"Taman Labuhan Mangrove Jung Koneng","https://www.google.com/maps/search/?api=1&query=Taman%20Labuhan%20Mangrove%20Jung%20Koneng&query_place_id=ChIJq_b1M3IV2C0RcO5ZgP1pe6c","5","albar jaya16","https://www.google.com/maps/reviews/data=!4m8!14m7!1m6!2m5!1sChdDSUhNMG9nS0VJQ0FnSURJcHJfbWlnRRAB!2m1!1s0x0:0xa77b69fd8059ee70!3m1!1s2@1:CIHM0ogKEICAgIDIpr_migE%7C%7C?hl=id",
"Taman Labuhan Mangrove Jung Koneng","https://www.google.com/maps/search/?api=1&query=Taman%20Labuhan%20Mangrove%20Jung%20Koneng&query_place_id=ChIJq_b1M3IV2C0RcO5ZgP1pe6c","5","Nico Karisma","https://www.google.com/maps/reviews/data=!4m8!14m7!1m6!2m5!1sChdDSUhNMG9nS0VJQ0FnSUNJbWJpeHFRRRAB!2m1!1s0x0:0xa77b69fd8059ee70!3m1!1s2@1:CIHM0ogKEICAgICImbixqQE%7C%7C?hl=id",
"Taman Labuhan Mangrove Jung Koneng","https://www.google.com/maps/search/?api=1&query=Taman%20Labuhan%20Mangrove%20Jung%20Koneng&query_place_id=ChIJq_b1M3IV2C0RcO5ZgP1pe6c","5","Imam Rofi'i","https://www.google.com/maps/reviews/data=!4m8!14m7!1m6!2m5!1sChZDSUhNMG9nS0VJQ0FnSUNJekttMEN3EAE!2m1!1s0x0:0xa77b69fd8059ee70!3m1!1s2@1:CIHM0ogKEICAgICIzKm0Cw%7C%7C?hl=id",
"Taman Labuhan Mangrove Jung Koneng","https://www.google.com/maps/search/?api=1&query=Taman%20Labuhan%20Mangrove%20Jung%20Koneng&query_place_id=ChIJq_b1M3IV2C0RcO5ZgP1pe6c","4","Suhaib Ahmad","https://www.google.com/maps/reviews/data=!4m8!14m7!1m6!2m5!1sChZDSUhNMG9nS0VJQ0FnSUNRamFMYUpBEAE!2m1!1s0x0:0xa77b69fd8059ee70!3m1!1s2@1:CIHM0ogKEICAgICQjaLaJA%7C%7C?hl=id",
"Taman Labuhan Mangrove Jung Koneng","https://www.google.com/maps/search/?api=1&query=Taman%20Labuhan%20Mangrove%20Jung%20Koneng&query_place_id=ChIJq_b1M3IV2C0RcO5ZgP1pe6c","4","Fiki","https://www.google.com/maps/reviews/data=!4m8!14m7!1m6!2m5!1sChZDSUhNMG9nS0VJQ0FnSURRMnN5SEdnEAE!2m1!1s0x0:0xa77b69fd8059ee70!3m1!1s2@1:CIHM0ogKEICAgIDQ2syHGg%7C%7C?hl=id",
"Taman Labuhan Mangrove Jung Koneng","https://www.google.com/maps/search/?api=1&query=Taman%20Labuhan%20Mangrove%20Jung%20Koneng&query_place_id=ChIJq_b1M3IV2C0RcO5ZgP1pe6c","5","sari anggita","https://www.google.com/maps/reviews/data=!4m8!14m7!1m6!2m5!1sChdDSUhNMG9nS0VJQ0FnSURBdDRMeXhBRRAB!2m1!1s0x0:0xa77b69fd8059ee70!3m1!1s2@1:CIHM0ogKEICAgIDAt4LyxAE%7C%7C?hl=id",
"Taman Labuhan Mangrove Jung Koneng","https://www.google.com/maps/search/?api=1&query=Taman%20Labuhan%20Mangrove%20Jung%20Koneng&query_place_id=ChIJq_b1M3IV2C0RcO5ZgP1pe6c","2","muhyiddin Koncop","https://www.google.com/maps/reviews/data=!4m8!14m7!1m6!2m5!1sChdDSUhNMG9nS0VJQ0FnSURBN0o2aHJBRRAB!2m1!1s0x0:0xa77b69fd8059ee70!3m1!1s2@1:CIHM0ogKEICAgIDA7J6hrAE%7C%7C?hl=id",
"Taman Labuhan Mangrove Jung Koneng","https://www.google.com/maps/search/?api=1&query=Taman%20Labuhan%20Mangrove%20Jung%20Koneng&query_place_id=ChIJq_b1M3IV2C0RcO5ZgP1pe6c","3","Homi mellenk","https://www.google.com/maps/reviews/data=!4m8!14m7!1m6!2m5!1sChZDSUhNMG9nS0VJQ0FnSUNnMk1ybVZnEAE!2m1!1s0x0:0xa77b69fd8059ee70!3m1!1s2@1:CIHM0ogKEICAgICg2MrmVg%7C%7C?hl=id",
